<?xml version="1.0" encoding="UTF-8"?>
<!DOCTYPE hibernate-mapping PUBLIC 
    "-//Hibernate/Hibernate Mapping DTD 3.0//EN"
    "http://www.hibernate.org/dtd/hibernate-mapping-3.0.dtd">
	
	<hibernate-mapping>
	<class name="com.restapi.Hibernate1Demo.Employee" table="Emp1"> 
	
	<meta attribute="class-discription"> This is a Employee class</meta>
	<id name="id"  column="id" type="int">
	<generator class="native"></generator>
	</id>
	
	<property name="name" column="name" type="string"></property>
	<property name="salary" column="salary" type="string"></property>
	
	</class>
	
	</hibernate-mapping>