<?xml version="1.0" encoding="UTF-8"?><!DOCTYPE hibernate-mapping PUBLIC 
    "-//Hibernate/Hibernate Mapping DTD 3.0//EN"
    "http://www.hibernate.org/dtd/hibernate-mapping-3.0.dtd">
    
   <hibernate-mapping>
   <class name = "com.map.MappingOneToOneByHbm.Tab2" table = "Tab2">
      
      <meta attribute = "class-description">
         This class contains the employee detail. 
      </meta>
  	<id name="id" column="id" type="int">
  	<generator class="foreign" >
  		<param name="a_id"></param>
  	</generator>
  	</id>
      
     
  
      <property name = "city" column = "city" type = "string"/>
      <one-to-one name="a_id" class="" constrained="true"></one-to-one>
      
          
   </class>
    
    </hibernate-mapping>